<?xml version="1.0" encoding="UTF-8"?>
<BirthDefects xmlns="http://www.ephtn.org/NCDM/PH/BD">
  <Header>
    <MCN>1240BA1E-A77D-455C-89EF-94F0094F945A</MCN>
    <JurisdictionCode>GA</JurisdictionCode>
    <ContentGroupIdentifier>BD</ContentGroupIdentifier>
    <SubmitterInformation>
      <SubmitterEmailAddress>yga5@cdc.gov</SubmitterEmailAddress>
      <SubmitterName>Mackenzie Webb</SubmitterName>
      <SubmitterTitle>Data Manager</SubmitterTitle>
    </SubmitterInformation>
    <StateFIPSCode>13</StateFIPSCode>
  </Header>
  <Dataset>
		<Row>
			<RowIdentifier>1</RowIdentifier>
			<County>13001</County>
			<StartDate>20050101</StartDate>
			<EndDate>20051231</EndDate>
			<BirthDefect>21</BirthDefect>
			<MaternalAgeGroup>1</MaternalAgeGroup>
			<MaternalEthnicity>NH</MaternalEthnicity>
			<MaternalRace>B</MaternalRace>
			<InfantSex>M</InfantSex>
			<TLB>1</TLB>
			<LBWBD>2</LBWBD>
			<!-- this next element is optional-->
		</Row>
		<Row>
			<RowIdentifier>2</RowIdentifier>
			<County>13003</County>
			<StartDate>20050101</StartDate>
			<EndDate>20051231</EndDate>
			<BirthDefect>21</BirthDefect>
			<MaternalAgeGroup>1</MaternalAgeGroup>
			<MaternalEthnicity>NH</MaternalEthnicity>
			<MaternalRace>B</MaternalRace>
			<InfantSex>M</InfantSex>
			<TLB>1</TLB>
			<LBWBD>2</LBWBD>
			<!-- this next element is optional-->
		</Row>
		<Row>
			<RowIdentifier>3</RowIdentifier>
			<County>13007</County>
			<StartDate>20050101</StartDate>
			<EndDate>20051231</EndDate>
			<BirthDefect>21</BirthDefect>
			<MaternalAgeGroup>1</MaternalAgeGroup>
			<MaternalEthnicity>NH</MaternalEthnicity>
			<MaternalRace>B</MaternalRace>
			<InfantSex>M</InfantSex>
			<TLB>1</TLB>
			<LBWBD>2</LBWBD>
			<!-- this next element is optional-->
		</Row>
		<Row>
			<RowIdentifier>4</RowIdentifier>
			<County>13023</County>
			<StartDate>20050101</StartDate>
			<EndDate>20051231</EndDate>
			<BirthDefect>21</BirthDefect>
			<MaternalAgeGroup>1</MaternalAgeGroup>
			<MaternalEthnicity>NH</MaternalEthnicity>
			<MaternalRace>B</MaternalRace>
			<InfantSex>M</InfantSex>
			<TLB>1</TLB>
			<LBWBD>2</LBWBD>
			<!-- this next element is optional-->
		</Row>
		<Row>
			<RowIdentifier>5</RowIdentifier>
			<County>12047</County>
			<StartDate>20050101</StartDate>
			<EndDate>20051231</EndDate>
			<BirthDefect>21</BirthDefect>
			<MaternalAgeGroup>1</MaternalAgeGroup>
			<MaternalEthnicity>NH</MaternalEthnicity>
			<MaternalRace>B</MaternalRace>
			<InfantSex>M</InfantSex>
			<TLB>1</TLB>
			<LBWBD>2</LBWBD>
			<!-- this next element is optional-->
		</Row>
	</Dataset>
</BirthDefects>

